<?xml version="1.0" encoding="UTF-8"?>
<!DOCTYPE hibernate-configuration PUBLIC
        "-//Hibernate/Hibernate Configuration DTD 3.0//EN"
        "http://hibernate.sourceforge.net/hibernate-configuration-3.0.dtd">

<hibernate-configuration>
	<session-factory>
		<property name="hibernate.connection.driver_class">com.mysql.jdbc.Driver</property>
		<property name="hibernate.connection.url">jdbc:mysql://localhost:3306/flipr</property>
		<property name="hibernate.connection.username">root</property>
		<property name="hibernate.connection.password">2001</property>
		<property name="hibernate.dialect">org.hibernate.dialect.MySQLDialect</property>
		<property name="hbm2ddl.auto">update</property>
		<property name="show_sql">true</property>
		<mapping class="com.dto.ASHOKLEY"/>
		<mapping class="com.dto.CIPLA"/>
		<mapping class="com.dto.EICHERMOT"/>
		<mapping class="com.dto.RELIANCE"/>
		<mapping class="com.dto.TATASTEEL"/>		
	</session-factory>
</hibernate-configuration>
